Nombres,Apellidos,Carnet,Sexo,FechaNacimiento,Profesion,Celular,Direccion
Nombre1,Apellido1,17495346,F,1995-10-14,Profesión1,600897552,Dirección1
Nombre2,Apellido2,77303183,M,1988-10-14,Profesión4,600459080,Dirección2
Nombre3,Apellido3,84814797,M,2004-10-14,Profesión5,600388497,Dirección3
Nombre4,Apellido4,54754819,M,1986-10-14,Profesión2,600335746,Dirección4
Nombre5,Apellido5,81901874,F,1986-10-14,Profesión5,600557953,Dirección5
Nombre6,Apellido6,50797202,F,1988-10-14,Profesión1,600763291,Dirección6
Nombre7,Apellido7,79211641,M,1989-10-14,Profesión3,600117255,Dirección7
Nombre8,Apellido8,35055895,M,1996-10-14,Profesión1,600904420,Dirección8
Nombre9,Apellido9,99114001,M,1993-10-14,Profesión1,600354150,Dirección9
Nombre10,Apellido10,53160746,F,1996-10-14,Profesión3,600102531,Dirección10
Nombre11,Apellido11,83465475,M,1988-10-14,Profesión1,600132279,Dirección11
Nombre12,Apellido12,44205596,M,1996-10-14,Profesión5,600271172,Dirección12
Nombre13,Apellido13,92243575,F,1987-10-14,Profesión2,600145682,Dirección13
Nombre14,Apellido14,72176719,M,1984-10-14,Profesión4,600809640,Dirección14
Nombre15,Apellido15,79556298,F,1990-10-14,Profesión5,600851237,Dirección15
Nombre16,Apellido16,47818443,F,1998-10-14,Profesión5,600881619,Dirección16
Nombre17,Apellido17,13672411,F,1985-10-14,Profesión3,600843737,Dirección17
Nombre18,Apellido18,88682507,F,2004-10-14,Profesión2,600138986,Dirección18
Nombre19,Apellido19,79460129,F,1984-10-14,Profesión4,600832109,Dirección19
Nombre20,Apellido20,35657952,M,1998-10-14,Profesión4,600189194,Dirección20
Nombre21,Apellido21,54095671,M,1984-10-14,Profesión1,600719693,Dirección21
Nombre22,Apellido22,47255340,M,2002-10-14,Profesión1,600288671,Dirección22
Nombre23,Apellido23,70458420,F,1984-10-14,Profesión3,600399891,Dirección23
Nombre24,Apellido24,61563606,M,1987-10-14,Profesión4,600286786,Dirección24
Nombre25,Apellido25,79798864,M,1988-10-14,Profesión2,600887225,Dirección25
Nombre26,Apellido26,82240056,M,1988-10-14,Profesión4,600324517,Dirección26
Nombre27,Apellido27,31113692,M,1991-10-14,Profesión3,600609934,Dirección27
Nombre28,Apellido28,99284242,M,1989-10-14,Profesión1,600601008,Dirección28
Nombre29,Apellido29,26432239,F,1995-10-14,Profesión4,600791342,Dirección29
Nombre30,Apellido30,67398990,F,1987-10-14,Profesión4,600841559,Dirección30
Nombre31,Apellido31,60832215,F,1988-10-14,Profesión2,600518323,Dirección31
Nombre32,Apellido32,19454545,M,1999-10-14,Profesión3,600124897,Dirección32
Nombre33,Apellido33,50440980,M,2001-10-14,Profesión3,600106448,Dirección33
Nombre34,Apellido34,11058762,F,2004-10-14,Profesión5,600475971,Dirección34
Nombre35,Apellido35,52107905,F,1992-10-14,Profesión5,600616517,Dirección35
Nombre36,Apellido36,82895012,M,2002-10-14,Profesión4,600261662,Dirección36
Nombre37,Apellido37,31957106,M,1990-10-14,Profesión5,600235455,Dirección37
Nombre38,Apellido38,72419435,F,1988-10-14,Profesión5,600174841,Dirección38
Nombre39,Apellido39,27989462,M,1993-10-14,Profesión3,600586860,Dirección39
Nombre40,Apellido40,42282660,M,2001-10-14,Profesión1,600746789,Dirección40
Nombre41,Apellido41,25310347,M,1998-10-14,Profesión5,600380438,Dirección41
Nombre42,Apellido42,25586477,M,1989-10-14,Profesión1,600728013,Dirección42
Nombre43,Apellido43,85076573,M,1990-10-14,Profesión5,600523740,Dirección43
Nombre44,Apellido44,96736946,M,1986-10-14,Profesión1,600188056,Dirección44
Nombre45,Apellido45,70970316,F,1995-10-14,Profesión3,600912571,Dirección45
Nombre46,Apellido46,90961585,F,2006-10-14,Profesión1,600115262,Dirección46
Nombre47,Apellido47,81608656,F,1985-10-14,Profesión5,600388767,Dirección47
Nombre48,Apellido48,91815985,M,1985-10-14,Profesión2,600247432,Dirección48
Nombre49,Apellido49,66845557,M,1997-10-14,Profesión1,600865064,Dirección49
Nombre50,Apellido50,80095294,F,2002-10-14,Profesión5,600351645,Dirección50
Nombre51,Apellido51,16984378,M,2001-10-14,Profesión3,600158499,Dirección51
Nombre52,Apellido52,31759721,M,1989-10-14,Profesión1,600750598,Dirección52
Nombre53,Apellido53,18873332,M,1999-10-14,Profesión5,600467200,Dirección53
Nombre54,Apellido54,18711782,F,2003-10-14,Profesión1,600596214,Dirección54
Nombre55,Apellido55,61357314,F,1997-10-14,Profesión2,600562569,Dirección55
Nombre56,Apellido56,58835572,F,1994-10-14,Profesión4,600372662,Dirección56
Nombre57,Apellido57,61184630,M,2002-10-14,Profesión5,600371634,Dirección57
Nombre58,Apellido58,46112595,F,1986-10-14,Profesión1,600515069,Dirección58
Nombre59,Apellido59,67232686,M,1997-10-14,Profesión2,600637912,Dirección59
Nombre60,Apellido60,98923861,F,2006-10-14,Profesión4,600118032,Dirección60
Nombre61,Apellido61,74075696,M,2004-10-14,Profesión3,600189783,Dirección61
Nombre62,Apellido62,68496911,M,2004-10-14,Profesión1,600233376,Dirección62
Nombre63,Apellido63,28160527,M,2000-10-14,Profesión1,600390347,Dirección63
Nombre64,Apellido64,31050969,F,1999-10-14,Profesión1,600358114,Dirección64
Nombre65,Apellido65,87028455,F,2004-10-14,Profesión3,600270989,Dirección65
Nombre66,Apellido66,87225888,F,1998-10-14,Profesión1,600377867,Dirección66
Nombre67,Apellido67,51967178,M,1998-10-14,Profesión1,600683566,Dirección67
Nombre68,Apellido68,82694485,F,2006-10-14,Profesión2,600256643,Dirección68
Nombre69,Apellido69,18216486,F,2003-10-14,Profesión3,600818243,Dirección69
Nombre70,Apellido70,97674781,F,1992-10-14,Profesión1,600912086,Dirección70
Nombre71,Apellido71,48141355,F,1986-10-14,Profesión5,600620949,Dirección71
Nombre72,Apellido72,94414533,F,1996-10-14,Profesión5,600611209,Dirección72
Nombre73,Apellido73,41677838,M,1984-10-14,Profesión3,600799141,Dirección73
Nombre74,Apellido74,92121222,M,1999-10-14,Profesión3,600856884,Dirección74
Nombre75,Apellido75,50250913,M,1991-10-14,Profesión1,600308472,Dirección75
Nombre76,Apellido76,80964413,M,1988-10-14,Profesión2,600185064,Dirección76
Nombre77,Apellido77,31570848,M,2005-10-14,Profesión3,600522594,Dirección77
Nombre78,Apellido78,82258787,F,1993-10-14,Profesión2,600163797,Dirección78
Nombre79,Apellido79,75809904,F,2005-10-14,Profesión4,600860940,Dirección79
Nombre80,Apellido80,94377844,M,1986-10-14,Profesión4,600262677,Dirección80
Nombre81,Apellido81,95282990,F,1995-10-14,Profesión4,600906174,Dirección81
Nombre82,Apellido82,32467440,F,1990-10-14,Profesión2,600282549,Dirección82
Nombre83,Apellido83,76392723,M,1999-10-14,Profesión2,600895566,Dirección83
Nombre84,Apellido84,31820353,M,1989-10-14,Profesión4,600548136,Dirección84
Nombre85,Apellido85,94691078,F,1985-10-14,Profesión2,600519661,Dirección85
Nombre86,Apellido86,88922139,M,2000-10-14,Profesión3,600585064,Dirección86
Nombre87,Apellido87,63744236,F,1989-10-14,Profesión3,600842401,Dirección87
Nombre88,Apellido88,71675741,F,1995-10-14,Profesión3,600332460,Dirección88
Nombre89,Apellido89,88662310,F,2004-10-14,Profesión4,600852423,Dirección89
Nombre90,Apellido90,61805602,F,1986-10-14,Profesión2,600460117,Dirección90
Nombre91,Apellido91,72853435,F,1990-10-14,Profesión4,600913091,Dirección91
Nombre92,Apellido92,82671875,M,1984-10-14,Profesión3,600950532,Dirección92
Nombre93,Apellido93,47352344,M,2000-10-14,Profesión4,600259230,Dirección93
Nombre94,Apellido94,33552820,M,1997-10-14,Profesión3,600528857,Dirección94
Nombre95,Apellido95,60501856,F,1989-10-14,Profesión5,600632722,Dirección95
Nombre96,Apellido96,51412440,F,1999-10-14,Profesión2,600999642,Dirección96
Nombre97,Apellido97,86023076,M,2006-10-14,Profesión3,600411790,Dirección97
Nombre98,Apellido98,87622473,F,1986-10-14,Profesión3,600453559,Dirección98
Nombre99,Apellido99,71019666,M,2004-10-14,Profesión1,600533560,Dirección99
Nombre100,Apellido100,11579344,M,1999-10-14,Profesión1,600733122,Dirección100
Nombre101,Apellido101,78238139,M,2000-10-14,Profesión4,600317387,Dirección101
Nombre102,Apellido102,73644426,M,1997-10-14,Profesión1,600862115,Dirección102
Nombre103,Apellido103,77067059,M,2002-10-14,Profesión4,600925949,Dirección103
Nombre104,Apellido104,98416189,M,2006-10-14,Profesión2,600233425,Dirección104
Nombre105,Apellido105,27157470,F,1990-10-14,Profesión5,600110600,Dirección105
Nombre106,Apellido106,27867216,F,1990-10-14,Profesión1,600234907,Dirección106
Nombre107,Apellido107,65314132,M,2002-10-14,Profesión3,600306605,Dirección107
Nombre108,Apellido108,85075508,M,1991-10-14,Profesión2,600921786,Dirección108
Nombre109,Apellido109,46645509,M,1999-10-14,Profesión4,600642808,Dirección109
Nombre110,Apellido110,20518563,M,1993-10-14,Profesión5,600818727,Dirección110
Nombre111,Apellido111,24304208,M,1995-10-14,Profesión4,600884398,Dirección111
Nombre112,Apellido112,76015733,F,1997-10-14,Profesión3,600614048,Dirección112
Nombre113,Apellido113,66481120,F,1993-10-14,Profesión4,600758297,Dirección113
Nombre114,Apellido114,75292910,M,1991-10-14,Profesión4,600330313,Dirección114
Nombre115,Apellido115,80390342,F,1988-10-14,Profesión1,600937754,Dirección115
Nombre116,Apellido116,71102158,M,1999-10-14,Profesión3,600276871,Dirección116
Nombre117,Apellido117,17096637,M,1990-10-14,Profesión2,600389484,Dirección117
Nombre118,Apellido118,19701733,M,2004-10-14,Profesión3,600424896,Dirección118
Nombre119,Apellido119,21174056,M,1997-10-14,Profesión4,600911795,Dirección119
Nombre120,Apellido120,43683805,M,1999-10-14,Profesión2,600655888,Dirección120
Nombre121,Apellido121,30828778,M,2001-10-14,Profesión2,600311941,Dirección121
Nombre122,Apellido122,59590718,F,2001-10-14,Profesión3,600827121,Dirección122
Nombre123,Apellido123,76925457,F,1986-10-14,Profesión3,600610838,Dirección123
Nombre124,Apellido124,50176523,F,1984-10-14,Profesión4,600841100,Dirección124
Nombre125,Apellido125,76508057,F,1984-10-14,Profesión4,600668259,Dirección125
Nombre126,Apellido126,48474512,F,2006-10-14,Profesión4,600534172,Dirección126
Nombre127,Apellido127,54431823,F,1989-10-14,Profesión4,600465305,Dirección127
Nombre128,Apellido128,64050864,M,1996-10-14,Profesión3,600650081,Dirección128
Nombre129,Apellido129,78374535,M,1998-10-14,Profesión2,600937039,Dirección129
Nombre130,Apellido130,92506201,M,1990-10-14,Profesión3,600492900,Dirección130
Nombre131,Apellido131,77008395,M,1993-10-14,Profesión4,600673160,Dirección131
Nombre132,Apellido132,62019558,M,1988-10-14,Profesión2,600588463,Dirección132
Nombre133,Apellido133,77751128,F,1989-10-14,Profesión5,600880383,Dirección133
Nombre134,Apellido134,73280146,M,2005-10-14,Profesión4,600518919,Dirección134
Nombre135,Apellido135,89342035,M,1993-10-14,Profesión3,600791889,Dirección135
Nombre136,Apellido136,62814778,M,1988-10-14,Profesión4,600332535,Dirección136
Nombre137,Apellido137,69570009,F,1993-10-14,Profesión1,600290231,Dirección137
Nombre138,Apellido138,66369176,M,1989-10-14,Profesión2,600750128,Dirección138
Nombre139,Apellido139,63143939,M,1998-10-14,Profesión5,600379730,Dirección139
Nombre140,Apellido140,21384957,F,1994-10-14,Profesión1,600141621,Dirección140
Nombre141,Apellido141,84936847,F,2005-10-14,Profesión1,600396291,Dirección141
Nombre142,Apellido142,16827479,F,1993-10-14,Profesión4,600109912,Dirección142
Nombre143,Apellido143,68203535,F,2003-10-14,Profesión3,600994811,Dirección143
Nombre144,Apellido144,86714778,M,2000-10-14,Profesión1,600157522,Dirección144
Nombre145,Apellido145,50662965,M,1985-10-14,Profesión1,600327856,Dirección145
Nombre146,Apellido146,95036262,M,1985-10-14,Profesión1,600493418,Dirección146
Nombre147,Apellido147,58362771,M,1993-10-14,Profesión3,600352307,Dirección147
Nombre148,Apellido148,57440657,M,1991-10-14,Profesión2,600744476,Dirección148
Nombre149,Apellido149,64267124,M,1996-10-14,Profesión4,600836120,Dirección149
Nombre150,Apellido150,34297881,M,1984-10-14,Profesión2,600190133,Dirección150
Nombre151,Apellido151,42659087,M,2002-10-14,Profesión4,600218267,Dirección151
Nombre152,Apellido152,94519697,F,1986-10-14,Profesión4,600263012,Dirección152
Nombre153,Apellido153,38128370,F,1987-10-14,Profesión5,600620528,Dirección153
Nombre154,Apellido154,68242008,F,1997-10-14,Profesión2,600403639,Dirección154
Nombre155,Apellido155,76649178,M,2001-10-14,Profesión4,600358790,Dirección155
Nombre156,Apellido156,29150202,M,1993-10-14,Profesión4,600343489,Dirección156
Nombre157,Apellido157,77479030,F,1992-10-14,Profesión4,600648694,Dirección157
Nombre158,Apellido158,92070523,M,1993-10-14,Profesión4,600227131,Dirección158
Nombre159,Apellido159,48552928,F,1986-10-14,Profesión4,600326323,Dirección159
Nombre160,Apellido160,57919728,M,2002-10-14,Profesión4,600831998,Dirección160
Nombre161,Apellido161,63439124,F,2001-10-14,Profesión1,600264110,Dirección161
Nombre162,Apellido162,50208804,F,2004-10-14,Profesión2,600888592,Dirección162
Nombre163,Apellido163,87531474,F,2001-10-14,Profesión5,600880328,Dirección163
Nombre164,Apellido164,73983160,M,1999-10-14,Profesión3,600814387,Dirección164
Nombre165,Apellido165,34126379,M,1984-10-14,Profesión4,600200026,Dirección165
Nombre166,Apellido166,26408185,M,1994-10-14,Profesión3,600274976,Dirección166
Nombre167,Apellido167,37871191,M,2006-10-14,Profesión3,600329092,Dirección167
Nombre168,Apellido168,98847938,F,1998-10-14,Profesión2,600284807,Dirección168
Nombre169,Apellido169,37843239,F,1991-10-14,Profesión1,600981599,Dirección169
Nombre170,Apellido170,16972981,M,1993-10-14,Profesión4,600758416,Dirección170
Nombre171,Apellido171,65710317,F,1988-10-14,Profesión3,600125674,Dirección171
Nombre172,Apellido172,10966339,F,1992-10-14,Profesión5,600130299,Dirección172
Nombre173,Apellido173,82960105,F,1997-10-14,Profesión5,600488328,Dirección173
Nombre174,Apellido174,90627058,M,1993-10-14,Profesión5,600873460,Dirección174
Nombre175,Apellido175,24005972,M,1987-10-14,Profesión3,600798425,Dirección175
Nombre176,Apellido176,11134719,F,2002-10-14,Profesión4,600630072,Dirección176
Nombre177,Apellido177,57369865,F,1989-10-14,Profesión1,600649417,Dirección177
Nombre178,Apellido178,76604411,M,1991-10-14,Profesión4,600750717,Dirección178
Nombre179,Apellido179,84715797,F,1995-10-14,Profesión2,600495089,Dirección179
Nombre180,Apellido180,79100368,M,1994-10-14,Profesión1,600511191,Dirección180
Nombre181,Apellido181,64994916,M,1992-10-14,Profesión1,600527118,Dirección181
Nombre182,Apellido182,71073466,F,1988-10-14,Profesión3,600390951,Dirección182
Nombre183,Apellido183,94560383,F,1996-10-14,Profesión2,600916241,Dirección183
Nombre184,Apellido184,28841075,F,1994-10-14,Profesión3,600437947,Dirección184
Nombre185,Apellido185,10374182,M,1989-10-14,Profesión5,600564226,Dirección185
Nombre186,Apellido186,31350586,M,2006-10-14,Profesión3,600980680,Dirección186
Nombre187,Apellido187,70262378,M,2002-10-14,Profesión2,600593693,Dirección187
Nombre188,Apellido188,61289033,M,1985-10-14,Profesión1,600578153,Dirección188
Nombre189,Apellido189,66650468,F,1991-10-14,Profesión3,600530102,Dirección189
Nombre190,Apellido190,32009044,F,2002-10-14,Profesión5,600170306,Dirección190
Nombre191,Apellido191,92385276,M,1991-10-14,Profesión5,600253768,Dirección191
Nombre192,Apellido192,65919395,M,1984-10-14,Profesión3,600978907,Dirección192
Nombre193,Apellido193,30497881,M,1988-10-14,Profesión4,600138369,Dirección193
Nombre194,Apellido194,89330388,M,1995-10-14,Profesión2,600293962,Dirección194
Nombre195,Apellido195,53002602,M,1989-10-14,Profesión3,600170255,Dirección195
Nombre196,Apellido196,43505702,F,1986-10-14,Profesión3,600728864,Dirección196
Nombre197,Apellido197,33270882,M,1990-10-14,Profesión3,600702971,Dirección197
Nombre198,Apellido198,42168675,F,1994-10-14,Profesión3,600124516,Dirección198
Nombre199,Apellido199,15178282,F,1992-10-14,Profesión1,600650916,Dirección199
Nombre200,Apellido200,62743238,F,2001-10-14,Profesión3,600650175,Dirección200
Nombre201,Apellido201,26929805,F,1987-10-14,Profesión5,600519952,Dirección201
Nombre202,Apellido202,30636238,F,2006-10-14,Profesión3,600153365,Dirección202
Nombre203,Apellido203,95877155,M,1987-10-14,Profesión3,600589845,Dirección203
Nombre204,Apellido204,83194047,M,2004-10-14,Profesión4,600713180,Dirección204
Nombre205,Apellido205,18403768,M,1988-10-14,Profesión1,600459849,Dirección205
Nombre206,Apellido206,73994896,M,1989-10-14,Profesión2,600201634,Dirección206
Nombre207,Apellido207,67578964,M,2004-10-14,Profesión4,600182684,Dirección207
Nombre208,Apellido208,52617149,M,1996-10-14,Profesión5,600168185,Dirección208
Nombre209,Apellido209,36307501,M,1992-10-14,Profesión5,600102561,Dirección209
Nombre210,Apellido210,33829810,F,1987-10-14,Profesión3,600278705,Dirección210
Nombre211,Apellido211,28722585,F,1984-10-14,Profesión1,600714099,Dirección211
Nombre212,Apellido212,93244549,F,1990-10-14,Profesión2,600513097,Dirección212
Nombre213,Apellido213,60978123,M,1999-10-14,Profesión1,600564261,Dirección213
Nombre214,Apellido214,42227941,M,1997-10-14,Profesión1,600824375,Dirección214
Nombre215,Apellido215,30786997,M,1991-10-14,Profesión5,600380777,Dirección215
Nombre216,Apellido216,36823620,F,1998-10-14,Profesión1,600107408,Dirección216
Nombre217,Apellido217,27579224,M,2004-10-14,Profesión5,600745372,Dirección217
Nombre218,Apellido218,41334215,F,1996-10-14,Profesión2,600925104,Dirección218
Nombre219,Apellido219,53167760,F,1994-10-14,Profesión5,600822745,Dirección219
Nombre220,Apellido220,70961158,F,1992-10-14,Profesión5,600504757,Dirección220
Nombre221,Apellido221,18082596,F,1996-10-14,Profesión4,600879274,Dirección221
Nombre222,Apellido222,84931195,M,1990-10-14,Profesión3,600565404,Dirección222
Nombre223,Apellido223,20000112,M,1987-10-14,Profesión1,600420428,Dirección223
Nombre224,Apellido224,29870836,F,1994-10-14,Profesión5,600478243,Dirección224
Nombre225,Apellido225,58629296,M,2002-10-14,Profesión3,600503708,Dirección225
Nombre226,Apellido226,36391414,F,2004-10-14,Profesión5,600108742,Dirección226
Nombre227,Apellido227,96300090,M,1989-10-14,Profesión3,600366909,Dirección227
Nombre228,Apellido228,14756129,F,1989-10-14,Profesión1,600278680,Dirección228
Nombre229,Apellido229,95798457,M,2005-10-14,Profesión4,600378035,Dirección229
Nombre230,Apellido230,81339541,F,2003-10-14,Profesión4,600929836,Dirección230
Nombre231,Apellido231,86921037,F,1994-10-14,Profesión4,600134975,Dirección231
Nombre232,Apellido232,12025466,F,2003-10-14,Profesión2,600738547,Dirección232
Nombre233,Apellido233,56706873,F,2000-10-14,Profesión3,600192822,Dirección233
Nombre234,Apellido234,48842274,F,1993-10-14,Profesión1,600266008,Dirección234
Nombre235,Apellido235,86999413,M,2000-10-14,Profesión3,600710177,Dirección235
Nombre236,Apellido236,37986987,F,2005-10-14,Profesión1,600354440,Dirección236
Nombre237,Apellido237,25251831,M,1990-10-14,Profesión2,600477600,Dirección237
Nombre238,Apellido238,97529226,F,2000-10-14,Profesión4,600200769,Dirección238
Nombre239,Apellido239,15280409,F,2003-10-14,Profesión4,600267137,Dirección239
Nombre240,Apellido240,80489846,M,2004-10-14,Profesión1,600508720,Dirección240
Nombre241,Apellido241,11834410,M,2004-10-14,Profesión4,600979840,Dirección241
Nombre242,Apellido242,95402771,F,1998-10-14,Profesión5,600196987,Dirección242
Nombre243,Apellido243,73496761,F,1988-10-14,Profesión4,600888013,Dirección243
Nombre244,Apellido244,54637237,M,2001-10-14,Profesión2,600776550,Dirección244
Nombre245,Apellido245,64085883,M,2000-10-14,Profesión5,600643894,Dirección245
Nombre246,Apellido246,65914964,M,1999-10-14,Profesión5,600445942,Dirección246
Nombre247,Apellido247,61549038,F,1996-10-14,Profesión1,600656178,Dirección247
Nombre248,Apellido248,31978660,F,1993-10-14,Profesión2,600896603,Dirección248
Nombre249,Apellido249,51410594,M,1999-10-14,Profesión5,600698011,Dirección249
Nombre250,Apellido250,86503903,F,2000-10-14,Profesión1,600916969,Dirección250
Nombre251,Apellido251,57276231,F,1992-10-14,Profesión1,600634001,Dirección251
Nombre252,Apellido252,45634268,F,1986-10-14,Profesión1,600919113,Dirección252
Nombre253,Apellido253,78833071,M,1993-10-14,Profesión4,600201105,Dirección253
Nombre254,Apellido254,93165646,F,1984-10-14,Profesión1,600162040,Dirección254
Nombre255,Apellido255,83018922,M,2006-10-14,Profesión5,600671647,Dirección255
Nombre256,Apellido256,54759570,M,1992-10-14,Profesión3,600933362,Dirección256
Nombre257,Apellido257,97858955,F,1998-10-14,Profesión5,600138288,Dirección257
Nombre258,Apellido258,79787861,F,1995-10-14,Profesión3,600725783,Dirección258
Nombre259,Apellido259,52453415,M,1986-10-14,Profesión2,600134984,Dirección259
Nombre260,Apellido260,84758744,F,1996-10-14,Profesión4,600100072,Dirección260
Nombre261,Apellido261,98473502,F,2001-10-14,Profesión5,600122463,Dirección261
Nombre262,Apellido262,41667695,M,1989-10-14,Profesión4,600284883,Dirección262
Nombre263,Apellido263,15335544,M,2003-10-14,Profesión2,600358197,Dirección263
Nombre264,Apellido264,72831707,F,2000-10-14,Profesión1,600359876,Dirección264
Nombre265,Apellido265,11573266,F,2002-10-14,Profesión1,600359757,Dirección265
Nombre266,Apellido266,19225988,M,2006-10-14,Profesión5,600548977,Dirección266
Nombre267,Apellido267,21042430,F,2001-10-14,Profesión3,600156693,Dirección267
Nombre268,Apellido268,39218952,F,1986-10-14,Profesión1,600600310,Dirección268
Nombre269,Apellido269,90600149,M,1996-10-14,Profesión3,600651029,Dirección269
Nombre270,Apellido270,94455582,M,1992-10-14,Profesión4,600687710,Dirección270
Nombre271,Apellido271,13217910,M,2001-10-14,Profesión5,600891292,Dirección271
Nombre272,Apellido272,63766365,F,2002-10-14,Profesión2,600791174,Dirección272
Nombre273,Apellido273,48934400,F,1988-10-14,Profesión5,600685009,Dirección273
Nombre274,Apellido274,13935546,M,2006-10-14,Profesión2,600533671,Dirección274
Nombre275,Apellido275,27498804,F,2000-10-14,Profesión4,600276413,Dirección275
Nombre276,Apellido276,77520978,M,2003-10-14,Profesión5,600808138,Dirección276
Nombre277,Apellido277,27619250,F,1994-10-14,Profesión2,600119820,Dirección277
Nombre278,Apellido278,93193512,M,1989-10-14,Profesión1,600849059,Dirección278
Nombre279,Apellido279,85036353,F,1985-10-14,Profesión4,600231738,Dirección279
Nombre280,Apellido280,65481816,F,2006-10-14,Profesión3,600668184,Dirección280
Nombre281,Apellido281,43151831,F,1991-10-14,Profesión4,600831388,Dirección281
Nombre282,Apellido282,54307020,M,2004-10-14,Profesión3,600619323,Dirección282
Nombre283,Apellido283,57554214,M,2003-10-14,Profesión4,600586418,Dirección283
Nombre284,Apellido284,31159253,M,1996-10-14,Profesión4,600383512,Dirección284
Nombre285,Apellido285,71950762,F,2006-10-14,Profesión3,600951387,Dirección285
Nombre286,Apellido286,46261687,F,1996-10-14,Profesión1,600125536,Dirección286
Nombre287,Apellido287,41331708,F,2001-10-14,Profesión4,600263679,Dirección287
Nombre288,Apellido288,18307107,F,1987-10-14,Profesión1,600801054,Dirección288
Nombre289,Apellido289,58422150,M,2003-10-14,Profesión1,600930729,Dirección289
Nombre290,Apellido290,78090211,M,2006-10-14,Profesión4,600515174,Dirección290
Nombre291,Apellido291,43861678,M,1984-10-14,Profesión2,600725130,Dirección291
Nombre292,Apellido292,23217077,F,1995-10-14,Profesión3,600692801,Dirección292
Nombre293,Apellido293,50734990,F,2002-10-14,Profesión5,600895812,Dirección293
Nombre294,Apellido294,16602851,F,1995-10-14,Profesión2,600285033,Dirección294
Nombre295,Apellido295,83001287,M,1995-10-14,Profesión1,600737762,Dirección295
Nombre296,Apellido296,34936538,M,1992-10-14,Profesión4,600839707,Dirección296
Nombre297,Apellido297,10359065,F,2000-10-14,Profesión4,600928152,Dirección297
Nombre298,Apellido298,27214175,M,1995-10-14,Profesión2,600467782,Dirección298
Nombre299,Apellido299,89198660,M,1991-10-14,Profesión1,600781556,Dirección299
Nombre300,Apellido300,34577984,M,1994-10-14,Profesión5,600916468,Dirección300
Nombre301,Apellido301,76267421,M,1989-10-14,Profesión5,600434782,Dirección301
Nombre302,Apellido302,15779614,M,1984-10-14,Profesión1,600488490,Dirección302
Nombre303,Apellido303,67090065,M,2005-10-14,Profesión4,600958460,Dirección303
Nombre304,Apellido304,18123382,F,2002-10-14,Profesión2,600292735,Dirección304
Nombre305,Apellido305,87741992,M,1991-10-14,Profesión3,600668820,Dirección305
Nombre306,Apellido306,36613562,F,1996-10-14,Profesión2,600219366,Dirección306
Nombre307,Apellido307,18853041,F,1997-10-14,Profesión4,600534464,Dirección307
Nombre308,Apellido308,34125655,M,1999-10-14,Profesión2,600115837,Dirección308
Nombre309,Apellido309,59158026,M,1990-10-14,Profesión2,600959982,Dirección309
Nombre310,Apellido310,29351422,F,1992-10-14,Profesión3,600366711,Dirección310
Nombre311,Apellido311,27721950,F,1997-10-14,Profesión5,600399137,Dirección311
Nombre312,Apellido312,43530519,M,1988-10-14,Profesión3,600575272,Dirección312
Nombre313,Apellido313,60673664,M,2003-10-14,Profesión4,600178638,Dirección313
Nombre314,Apellido314,81049810,M,1989-10-14,Profesión1,600298988,Dirección314
Nombre315,Apellido315,94258293,M,1999-10-14,Profesión3,600976397,Dirección315
Nombre316,Apellido316,64206442,M,1993-10-14,Profesión5,600359692,Dirección316
Nombre317,Apellido317,41270328,F,1984-10-14,Profesión1,600639960,Dirección317
Nombre318,Apellido318,32751602,M,1984-10-14,Profesión4,600210755,Dirección318
Nombre319,Apellido319,48383959,M,1992-10-14,Profesión5,600287676,Dirección319
Nombre320,Apellido320,81195633,M,1987-10-14,Profesión5,600797619,Dirección320
Nombre321,Apellido321,20288770,F,1992-10-14,Profesión5,600836119,Dirección321
Nombre322,Apellido322,54393832,M,2004-10-14,Profesión5,600250747,Dirección322
Nombre323,Apellido323,96285258,F,2006-10-14,Profesión5,600876035,Dirección323
Nombre324,Apellido324,63921397,F,1991-10-14,Profesión2,600717575,Dirección324
Nombre325,Apellido325,32810546,F,2000-10-14,Profesión5,600699235,Dirección325
Nombre326,Apellido326,85951311,F,1986-10-14,Profesión4,600343621,Dirección326
Nombre327,Apellido327,83919470,M,2001-10-14,Profesión5,600974157,Dirección327
Nombre328,Apellido328,80491187,F,2003-10-14,Profesión1,600759724,Dirección328
Nombre329,Apellido329,28377172,M,1986-10-14,Profesión1,600962799,Dirección329
Nombre330,Apellido330,41199136,F,1999-10-14,Profesión4,600756272,Dirección330
Nombre331,Apellido331,98596562,M,2002-10-14,Profesión4,600648054,Dirección331
Nombre332,Apellido332,45905943,M,1987-10-14,Profesión4,600658296,Dirección332
Nombre333,Apellido333,69087532,M,1998-10-14,Profesión2,600335081,Dirección333
Nombre334,Apellido334,57293342,M,1991-10-14,Profesión4,600903493,Dirección334
Nombre335,Apellido335,66999915,M,1995-10-14,Profesión2,600531025,Dirección335
Nombre336,Apellido336,46636551,M,1996-10-14,Profesión4,600584964,Dirección336
Nombre337,Apellido337,98921082,F,1984-10-14,Profesión5,600610877,Dirección337
Nombre338,Apellido338,54277930,M,1984-10-14,Profesión4,600635080,Dirección338
Nombre339,Apellido339,15449659,M,2006-10-14,Profesión1,600867567,Dirección339
Nombre340,Apellido340,95022136,M,2000-10-14,Profesión4,600383756,Dirección340
Nombre341,Apellido341,71233796,F,1996-10-14,Profesión2,600400310,Dirección341
Nombre342,Apellido342,77157023,M,1995-10-14,Profesión5,600525568,Dirección342
Nombre343,Apellido343,58298744,F,1996-10-14,Profesión4,600499191,Dirección343
Nombre344,Apellido344,96972215,M,1984-10-14,Profesión4,600657918,Dirección344
Nombre345,Apellido345,17772751,F,1992-10-14,Profesión2,600929487,Dirección345
Nombre346,Apellido346,72275708,F,1998-10-14,Profesión1,600592258,Dirección346
Nombre347,Apellido347,45593987,F,2004-10-14,Profesión2,600918843,Dirección347
Nombre348,Apellido348,38723902,F,1991-10-14,Profesión3,600812836,Dirección348
Nombre349,Apellido349,43207706,F,2003-10-14,Profesión3,600647393,Dirección349
Nombre350,Apellido350,46902673,F,1995-10-14,Profesión4,600593633,Dirección350
Nombre351,Apellido351,27024653,M,2001-10-14,Profesión3,600917732,Dirección351
Nombre352,Apellido352,95617682,M,1994-10-14,Profesión1,600890450,Dirección352
Nombre353,Apellido353,65709746,M,1997-10-14,Profesión4,600542769,Dirección353
Nombre354,Apellido354,45867583,F,1999-10-14,Profesión2,600978137,Dirección354
Nombre355,Apellido355,57002534,F,1988-10-14,Profesión5,600669680,Dirección355
Nombre356,Apellido356,14912858,M,1998-10-14,Profesión3,600264008,Dirección356
Nombre357,Apellido357,68454183,M,2002-10-14,Profesión3,600232335,Dirección357
Nombre358,Apellido358,52693916,M,2003-10-14,Profesión2,600824022,Dirección358
Nombre359,Apellido359,98455925,M,2006-10-14,Profesión5,600598619,Dirección359
Nombre360,Apellido360,51890626,M,1991-10-14,Profesión1,600691634,Dirección360
Nombre361,Apellido361,82002498,F,1984-10-14,Profesión4,600151460,Dirección361
Nombre362,Apellido362,75307543,F,2000-10-14,Profesión1,600321765,Dirección362
Nombre363,Apellido363,72055135,F,1995-10-14,Profesión3,600185483,Dirección363
Nombre364,Apellido364,85250462,F,1993-10-14,Profesión1,600206897,Dirección364
Nombre365,Apellido365,46359038,M,1984-10-14,Profesión2,600703012,Dirección365
Nombre366,Apellido366,92742950,M,2001-10-14,Profesión2,600851088,Dirección366
Nombre367,Apellido367,23661673,F,1992-10-14,Profesión4,600541771,Dirección367
Nombre368,Apellido368,71309778,F,1992-10-14,Profesión1,600257482,Dirección368
Nombre369,Apellido369,69626152,M,2005-10-14,Profesión3,600436134,Dirección369
Nombre370,Apellido370,16504124,F,1985-10-14,Profesión4,600909611,Dirección370
Nombre371,Apellido371,71816840,F,1988-10-14,Profesión5,600700546,Dirección371
Nombre372,Apellido372,63907304,F,1990-10-14,Profesión5,600654650,Dirección372
Nombre373,Apellido373,90588992,M,1991-10-14,Profesión2,600123104,Dirección373
Nombre374,Apellido374,33156766,M,1998-10-14,Profesión5,600875464,Dirección374
Nombre375,Apellido375,83703332,F,1989-10-14,Profesión3,600325524,Dirección375
Nombre376,Apellido376,46813980,F,1988-10-14,Profesión3,600296741,Dirección376
Nombre377,Apellido377,72929984,M,1990-10-14,Profesión3,600227049,Dirección377
Nombre378,Apellido378,91522188,M,2002-10-14,Profesión5,600102387,Dirección378
Nombre379,Apellido379,20562264,F,2000-10-14,Profesión2,600152667,Dirección379
Nombre380,Apellido380,64312193,F,1985-10-14,Profesión4,600379531,Dirección380
Nombre381,Apellido381,56694175,M,2000-10-14,Profesión3,600777333,Dirección381
Nombre382,Apellido382,81509415,F,2000-10-14,Profesión4,600898378,Dirección382
Nombre383,Apellido383,70030346,M,1996-10-14,Profesión1,600702623,Dirección383
Nombre384,Apellido384,57672595,M,1999-10-14,Profesión5,600842298,Dirección384
Nombre385,Apellido385,17333281,F,2005-10-14,Profesión2,600883682,Dirección385
Nombre386,Apellido386,32925769,F,1991-10-14,Profesión1,600262355,Dirección386
Nombre387,Apellido387,24037763,F,2005-10-14,Profesión2,600695153,Dirección387
Nombre388,Apellido388,91943570,M,1984-10-14,Profesión3,600338763,Dirección388
Nombre389,Apellido389,25853176,F,2004-10-14,Profesión2,600705652,Dirección389
Nombre390,Apellido390,63348862,F,1995-10-14,Profesión1,600290076,Dirección390
Nombre391,Apellido391,37754849,M,1995-10-14,Profesión5,600229648,Dirección391
Nombre392,Apellido392,59212513,M,2003-10-14,Profesión2,600774641,Dirección392
Nombre393,Apellido393,97859424,M,2006-10-14,Profesión5,600784791,Dirección393
Nombre394,Apellido394,54078481,M,1987-10-14,Profesión1,600964831,Dirección394
Nombre395,Apellido395,35818107,F,1987-10-14,Profesión3,600858540,Dirección395
Nombre396,Apellido396,14393373,F,2000-10-14,Profesión5,600809580,Dirección396
Nombre397,Apellido397,67330686,M,1993-10-14,Profesión2,600348769,Dirección397
Nombre398,Apellido398,97084322,M,1999-10-14,Profesión4,600741076,Dirección398
Nombre399,Apellido399,16474139,F,1993-10-14,Profesión4,600219391,Dirección399
Nombre400,Apellido400,53059146,M,1998-10-14,Profesión3,600745722,Dirección400
Nombre401,Apellido401,12090451,F,1985-10-14,Profesión2,600117382,Dirección401
Nombre402,Apellido402,43468288,M,1994-10-14,Profesión4,600962262,Dirección402
Nombre403,Apellido403,88800589,M,2003-10-14,Profesión3,600681012,Dirección403
Nombre404,Apellido404,87492640,M,1989-10-14,Profesión5,600872176,Dirección404
Nombre405,Apellido405,85586762,M,1990-10-14,Profesión4,600796886,Dirección405
Nombre406,Apellido406,25785635,F,1991-10-14,Profesión3,600273291,Dirección406
Nombre407,Apellido407,12019950,F,1998-10-14,Profesión5,600712740,Dirección407
Nombre408,Apellido408,55480048,M,2004-10-14,Profesión2,600752640,Dirección408
Nombre409,Apellido409,28279594,F,2003-10-14,Profesión3,600451458,Dirección409
Nombre410,Apellido410,71941410,F,1996-10-14,Profesión5,600711590,Dirección410
Nombre411,Apellido411,25488550,M,1997-10-14,Profesión5,600387736,Dirección411
Nombre412,Apellido412,16542838,F,1996-10-14,Profesión5,600157832,Dirección412
Nombre413,Apellido413,92185897,F,2004-10-14,Profesión1,600315138,Dirección413
Nombre414,Apellido414,35431065,M,1992-10-14,Profesión3,600194821,Dirección414
Nombre415,Apellido415,41026973,M,1999-10-14,Profesión4,600591134,Dirección415
Nombre416,Apellido416,62286156,F,1987-10-14,Profesión2,600474803,Dirección416
Nombre417,Apellido417,77172074,F,1994-10-14,Profesión4,600813436,Dirección417
Nombre418,Apellido418,29485513,M,1998-10-14,Profesión2,600345971,Dirección418
Nombre419,Apellido419,98153910,M,1992-10-14,Profesión3,600401046,Dirección419
Nombre420,Apellido420,77196434,M,1997-10-14,Profesión2,600650471,Dirección420
Nombre421,Apellido421,57634481,M,1998-10-14,Profesión3,600126885,Dirección421
Nombre422,Apellido422,36541264,F,2002-10-14,Profesión3,600702309,Dirección422
Nombre423,Apellido423,27606749,F,1985-10-14,Profesión2,600738320,Dirección423
Nombre424,Apellido424,96979338,M,1996-10-14,Profesión1,600828377,Dirección424
Nombre425,Apellido425,68717387,F,1987-10-14,Profesión5,600750152,Dirección425
Nombre426,Apellido426,64246598,F,2002-10-14,Profesión5,600592176,Dirección426
Nombre427,Apellido427,40919547,F,2004-10-14,Profesión2,600853393,Dirección427
Nombre428,Apellido428,34862025,F,1993-10-14,Profesión5,600698965,Dirección428
Nombre429,Apellido429,70513497,M,2001-10-14,Profesión2,600835022,Dirección429
Nombre430,Apellido430,67143271,M,1984-10-14,Profesión3,600267748,Dirección430
Nombre431,Apellido431,60279949,M,1999-10-14,Profesión2,600776832,Dirección431
Nombre432,Apellido432,16443495,F,1991-10-14,Profesión5,600146181,Dirección432
Nombre433,Apellido433,31235824,F,1984-10-14,Profesión5,600719720,Dirección433
Nombre434,Apellido434,85234658,M,2005-10-14,Profesión2,600849536,Dirección434
Nombre435,Apellido435,63533155,M,1993-10-14,Profesión4,600507203,Dirección435
Nombre436,Apellido436,28999042,M,1988-10-14,Profesión2,600594065,Dirección436
Nombre437,Apellido437,55883501,F,1987-10-14,Profesión4,600990173,Dirección437
Nombre438,Apellido438,30671713,F,1999-10-14,Profesión5,600864500,Dirección438
Nombre439,Apellido439,56176095,M,2001-10-14,Profesión5,600757438,Dirección439
Nombre440,Apellido440,17722656,F,1990-10-14,Profesión2,600565114,Dirección440
Nombre441,Apellido441,12754019,M,1995-10-14,Profesión4,600201477,Dirección441
Nombre442,Apellido442,87414858,M,1988-10-14,Profesión4,600382769,Dirección442
Nombre443,Apellido443,35992390,M,1986-10-14,Profesión1,600298524,Dirección443
Nombre444,Apellido444,32572416,M,2003-10-14,Profesión4,600109324,Dirección444
Nombre445,Apellido445,38970262,M,1996-10-14,Profesión2,600992992,Dirección445
Nombre446,Apellido446,69180415,M,1990-10-14,Profesión4,600600440,Dirección446
Nombre447,Apellido447,25984495,M,2000-10-14,Profesión1,600807939,Dirección447
Nombre448,Apellido448,16305903,F,2006-10-14,Profesión2,600878030,Dirección448
Nombre449,Apellido449,89185097,M,1986-10-14,Profesión5,600195463,Dirección449
Nombre450,Apellido450,65655812,F,2004-10-14,Profesión3,600319785,Dirección450
Nombre451,Apellido451,43747617,F,1993-10-14,Profesión3,600532362,Dirección451
Nombre452,Apellido452,46946258,M,1985-10-14,Profesión5,600510157,Dirección452
Nombre453,Apellido453,98055315,F,1985-10-14,Profesión2,600659851,Dirección453
Nombre454,Apellido454,68533092,M,1996-10-14,Profesión5,600564647,Dirección454
Nombre455,Apellido455,82592225,F,1992-10-14,Profesión3,600237244,Dirección455
Nombre456,Apellido456,63388293,M,1994-10-14,Profesión3,600851175,Dirección456
Nombre457,Apellido457,88273213,F,1997-10-14,Profesión1,600443289,Dirección457
Nombre458,Apellido458,93241346,M,1993-10-14,Profesión5,600342601,Dirección458
Nombre459,Apellido459,93346044,M,1999-10-14,Profesión5,600851042,Dirección459
Nombre460,Apellido460,99565542,M,2002-10-14,Profesión4,600623289,Dirección460
Nombre461,Apellido461,46048246,M,1995-10-14,Profesión4,600139967,Dirección461
Nombre462,Apellido462,58152281,M,1998-10-14,Profesión2,600293443,Dirección462
Nombre463,Apellido463,22847609,M,1991-10-14,Profesión4,600331075,Dirección463
Nombre464,Apellido464,32539716,F,1986-10-14,Profesión3,600589864,Dirección464
Nombre465,Apellido465,55584584,M,1996-10-14,Profesión1,600273226,Dirección465
Nombre466,Apellido466,88420471,F,1992-10-14,Profesión3,600311812,Dirección466
Nombre467,Apellido467,24108637,M,1991-10-14,Profesión2,600683030,Dirección467
Nombre468,Apellido468,76420114,F,2004-10-14,Profesión5,600580516,Dirección468
Nombre469,Apellido469,36157798,F,1998-10-14,Profesión4,600327586,Dirección469
Nombre470,Apellido470,24781688,F,1986-10-14,Profesión3,600547815,Dirección470
Nombre471,Apellido471,57981353,F,1996-10-14,Profesión1,600681372,Dirección471
Nombre472,Apellido472,45199828,M,1993-10-14,Profesión2,600516305,Dirección472
Nombre473,Apellido473,86887735,M,1990-10-14,Profesión1,600561362,Dirección473
Nombre474,Apellido474,78925309,F,1995-10-14,Profesión2,600423054,Dirección474
Nombre475,Apellido475,15838541,F,2000-10-14,Profesión5,600578170,Dirección475
Nombre476,Apellido476,48882227,F,1992-10-14,Profesión3,600533079,Dirección476
Nombre477,Apellido477,30580481,M,1996-10-14,Profesión2,600227746,Dirección477
Nombre478,Apellido478,34647669,F,1989-10-14,Profesión3,600281408,Dirección478
Nombre479,Apellido479,68816435,F,2004-10-14,Profesión1,600996812,Dirección479
Nombre480,Apellido480,46415018,F,1987-10-14,Profesión5,600980462,Dirección480
Nombre481,Apellido481,10466393,F,1985-10-14,Profesión3,600344416,Dirección481
Nombre482,Apellido482,37408784,F,1990-10-14,Profesión4,600412039,Dirección482
Nombre483,Apellido483,72089592,M,1993-10-14,Profesión2,600774711,Dirección483
Nombre484,Apellido484,62107545,M,1992-10-14,Profesión1,600929024,Dirección484
Nombre485,Apellido485,24522486,M,1995-10-14,Profesión3,600625946,Dirección485
Nombre486,Apellido486,22691192,F,2001-10-14,Profesión2,600841278,Dirección486
Nombre487,Apellido487,33095447,F,1990-10-14,Profesión5,600235887,Dirección487
Nombre488,Apellido488,39755032,M,1998-10-14,Profesión3,600147524,Dirección488
Nombre489,Apellido489,16725931,F,1988-10-14,Profesión2,600467946,Dirección489
Nombre490,Apellido490,34531795,F,1991-10-14,Profesión2,600445959,Dirección490
Nombre491,Apellido491,47845110,F,2003-10-14,Profesión3,600669627,Dirección491
Nombre492,Apellido492,60376671,F,1995-10-14,Profesión1,600797635,Dirección492
Nombre493,Apellido493,67279121,F,1999-10-14,Profesión5,600506229,Dirección493
Nombre494,Apellido494,36943826,M,2005-10-14,Profesión4,600637647,Dirección494
Nombre495,Apellido495,75394147,M,1988-10-14,Profesión4,600387146,Dirección495
Nombre496,Apellido496,14770842,M,2006-10-14,Profesión3,600934297,Dirección496
Nombre497,Apellido497,75502163,M,1995-10-14,Profesión4,600685725,Dirección497
Nombre498,Apellido498,64546043,F,1985-10-14,Profesión1,600865885,Dirección498
Nombre499,Apellido499,20538353,M,1984-10-14,Profesión3,600946689,Dirección499
Nombre500,Apellido500,76850924,M,2001-10-14,Profesión2,600499692,Dirección500
